<?xml version="1.0" encoding="UTF-8"?>
<project-private xmlns="http://www.netbeans.org/ns/project-private/1">
    <editor-bookmarks xmlns="http://www.netbeans.org/ns/editor-bookmarks/2" lastBookmarkId="0"/>
    <open-files xmlns="http://www.netbeans.org/ns/projectui-open-files/2">
        <group>
            <file>file:/C:/Users/alan.ryan/Desktop/LabEx9Solution/src/solution_using_streamtozenizer/LabExercise9V2.java</file>
            <file>file:/C:/Users/alan.ryan/Desktop/LabEx9Solution/CA.txt</file>
            <file>file:/C:/Users/alan.ryan/Desktop/LabEx9Solution/src/sd3/com/model/Name.java</file>
            <file>file:/C:/Users/alan.ryan/Desktop/LabEx9Solution/src/solution_using_stringtokenizer/LabExercise9V1.java</file>
        </group>
    </open-files>
</project-private>
